{
  "mean_dice": 0.17184043994770404,
  "mean_iou": 0.13511483122751586,
  "vertebrae_dice": 0.18246661977297243,
  "ivd_dice": 0.10318284568554596,
  "total_val_slices": 304,
  "epochs": 50,
  "best_dice": 0.3592760693069708,
  "per_class": {
    "Vert-1(L)": {
      "dice": 0.7199991132898632,
      "iou": 0.6079607820055567,
      "precision": 0.8024072145048018,
      "recall": 0.6979646839837507,
      "n": 270
    },
    "Vert-2": {
      "dice": 0.3504238460524457,
      "iou": 0.27727026244628733,
      "precision": 0.5494807549300291,
      "recall": 0.5086853600072861,
      "n": 164
    },
    "Vert-3": {
      "dice": 0.38930981083096455,
      "iou": 0.2893847990013814,
      "precision": 0.5079209729838184,
      "recall": 0.4286929129309071,
      "n": 106
    },
    "Vert-4": {
      "dice": 3.8307281153196914e-08,
      "iou": 3.8307281153196914e-08,
      "precision": 0.9848484999999849,
      "recall": 0.015151538307296306,
      "n": 66
    },
    "Vert-5": {
      "dice": 2.2748176968997095e-08,
      "iou": 2.2748176968997095e-08,
      "precision": 1.0,
      "recall": 2.2748176968997095e-08,
      "n": 56
    },
    "Vert-6": {
      "dice": 2.4570534796930408e-08,
      "iou": 2.4570534796930408e-08,
      "precision": 1.0,
      "recall": 2.4570534796930408e-08,
      "n": 56
    },
    "Vert-7": {
      "dice": 4.765548294705699e-08,
      "iou": 4.765548294705699e-08,
      "precision": 1.0,
      "recall": 4.765548294705699e-08,
      "n": 48
    },
    "Vert-8(U)": {
      "dice": 5.472903009519471e-08,
      "iou": 5.472903009519471e-08,
      "precision": 1.0,
      "recall": 5.472903009519471e-08,
      "n": 24
    },
    "Sacrum": {
      "dice": 0.6360917554428211,
      "iou": 0.5031376278758483,
      "precision": 0.7079190683483313,
      "recall": 0.6739828327461515,
      "n": 304
    },
    "IVD-1(L)": {
      "dice": 9.796410397052351e-08,
      "iou": 9.796410397052351e-08,
      "precision": 1.0,
      "recall": 9.796410397052351e-08,
      "n": 64
    },
    "IVD-2": {
      "dice": 0.46661858282080226,
      "iou": 0.3548799922971975,
      "precision": 0.6467922467000624,
      "recall": 0.49485865549052493,
      "n": 204
    },
    "IVD-3": {
      "dice": 0.3588432827003359,
      "iou": 0.26431757926776267,
      "precision": 0.5591760299112429,
      "recall": 0.4455206810741126,
      "n": 70
    },
    "IVD-4": {
      "dice": 1.1060332830255379e-07,
      "iou": 1.1060332830255379e-07,
      "precision": 1.0,
      "recall": 1.1060332830255379e-07,
      "n": 57
    },
    "IVD-5": {
      "dice": 1.5573136653700524e-07,
      "iou": 1.5573136653700524e-07,
      "precision": 1.0,
      "recall": 1.5573136653700524e-07,
      "n": 53
    },
    "IVD-6": {
      "dice": 1.4682815073010257e-07,
      "iou": 1.4682815073010257e-07,
      "precision": 1.0,
      "recall": 1.4682815073010257e-07,
      "n": 56
    },
    "IVD-7": {
      "dice": 1.8968509416793253e-07,
      "iou": 1.8968509416793253e-07,
      "precision": 1.0,
      "recall": 1.8968509416793253e-07,
      "n": 55
    },
    "IVD-8(U)": {
      "dice": 1.9915118576148489e-07,
      "iou": 1.9915118576148489e-07,
      "precision": 1.0,
      "recall": 1.9915118576148489e-07,
      "n": 36
    }
  }
}